Wall time,Step,Value
1652613626.738948,195,10.0
1652613689.7970033,2145,85.70999908447266
1652613751.8732266,4095,86.27999877929688
1652613814.01069,6045,87.66999816894531
1652613877.2333796,7995,88.75999450683594
1652613940.5034447,9945,88.0199966430664
1652614002.3971708,11895,88.91999816894531
1652614064.5265682,13845,88.83999633789062
1652614127.9433186,15795,89.5
1652614191.9981158,17745,89.5
1652614247.904703,19500,89.50999450683594
